id,symbol,bot_type,timeframe,kf,candle_1_open,candle_1_high,candle_1_low,candle_1_close,candle_1_vol,candle_2_open,candle_2_high,candle_2_low,candle_2_close,candle_2_vol,candle_3_open,candle_3_high,candle_3_low,candle_3_close,candle_3_vol,entry_price,result,exit_price,pnl_pct,candles_held,signal_time,created_at,kf_btc_15m_oth,kf_eth_15m_oth,kf_eth_15m_old,kf_btc_1h_oth,kf_btc_1h_old,kf_btc_1d_oth,kf_btc_1d_old
1,BTCUSDT,mixed,15m,,115316.40000000,115337.76000000,115228.83000000,115265.98000000,54.17311000,115265.98000000,115275.65000000,115220.02000000,115232.29000000,48.06065000,115232.29000000,115379.25000000,115188.00000000,115275.66000000,63.97784000,115275.66000000,TP,115010.52598200,0.230,0,"2025-09-22 00:00:00","2026-09-29 13:31:57",,,,,,,
2,BTCUSDT,mixed,15m,,115232.29000000,115379.25000000,115188.00000000,115275.66000000,63.97784000,115275.66000000,115316.29000000,115132.47000000,115169.88000000,77.01399000,115169.88000000,115169.88000000,114700.00000000,114846.87000000,526.11992000,114846.86000000,TP,114582.71222200,0.230,0,"2025-09-22 00:30:00","2026-09-29 13:31:57",,,,,,,
4,BTCUSDT,mixed,15m,,110860.00000000,110936.00000000,110215.50000000,110227.08000000,477.52825000,110227.07000000,110466.00000000,109728.00000000,110343.41000000,859.53691000,110343.42000000,111420.02000000,110343.42000000,111352.01000000,505.35460000,111352.00000000,TP,111095.89040000,0.230,0,"2025-10-16 14:30:00","2026-09-29 13:31:57",,,,,,,
5,BTCUSDT,mixed,15m,,110343.42000000,111420.02000000,110343.42000000,111352.01000000,505.35460000,111352.00000000,111404.99000000,110486.12000000,110529.34000000,376.31024000,110529.35000000,110727.35000000,110149.56000000,110587.95000000,346.36955000,110587.95000000,TP,110333.59771500,0.230,0,"2025-10-16 15:00:00","2026-09-29 13:31:57",,,,,,,
6,BTCUSDT,mixed,15m,,110529.35000000,110727.35000000,110149.56000000,110587.95000000,346.36955000,110587.95000000,110627.99000000,109890.00000000,110044.97000000,319.05164000,110044.97000000,110181.34000000,109000.00000000,109240.70000000,1038.79809000,109240.69000000,TP,108989.43641300,0.230,0,"2025-10-16 15:30:00","2026-09-29 13:31:57",,,,,,,
7,BTCUSDT,mixed,15m,,112897.81000000,113092.26000000,112872.48000000,112960.87000000,99.86700000,112960.87000000,113054.85000000,112883.72000000,112898.45000000,66.16590000,112898.44000000,112898.45000000,112686.00000000,112740.19000000,189.98060000,112740.20000000,TP,112480.89754000,0.230,1,"2025-10-29 00:00:00","2026-09-29 13:31:57",,,,,,,
8,BTCUSDT,mixed,15m,,112740.20000000,112816.99000000,112636.73000000,112696.08000000,72.02309000,112696.08000000,112765.05000000,112614.99000000,112614.99000000,87.48137000,112615.00000000,112638.99000000,112442.87000000,112442.88000000,155.81365000,112442.87000000,TP,112184.25139900,0.230,0,"2025-10-29 00:45:00","2026-09-29 13:31:58",,,,,,,
9,BTCUSDT,mixed,15m,,111220.17000000,111252.44000000,111112.40000000,111132.86000000,56.92181000,111132.86000000,111250.00000000,110949.68000000,111028.20000000,93.97364000,111028.20000000,111077.76000000,110584.94000000,110584.95000000,316.45910000,110584.95000000,TP,110330.60461500,0.230,0,"2025-10-29 23:00:00","2026-09-29 13:31:58",,,,,,,
10,BTCUSDT,mixed,15m,,111028.20000000,111077.76000000,110584.94000000,110584.95000000,316.45910000,110584.95000000,110733.21000000,110437.14000000,110463.59000000,149.21777000,110463.60000000,110463.60000000,109733.22000000,110003.25000000,436.02583000,110003.25000000,TP,109750.24252500,0.230,0,"2025-10-29 23:30:00","2026-09-29 13:31:58",,,,,,,
11,BTCUSDT,mixed,15m,,101064.94000000,101425.93000000,100837.83000000,100942.76000000,775.60165000,100942.76000000,101142.47000000,100550.00000000,100633.13000000,625.64006000,100633.13000000,100820.49000000,100443.24000000,100544.35000000,723.63862000,100544.34000000,TP,100313.08801800,0.230,0,"2025-11-13 17:00:00","2026-09-29 13:31:58",,,,,,,
12,BTCUSDT,mixed,15m,,100633.13000000,100820.49000000,100443.24000000,100544.35000000,723.63862000,100544.34000000,100794.13000000,100205.11000000,100314.98000000,671.20785000,100314.97000000,100500.00000000,99840.00000000,100033.90000000,795.11744000,100033.89000000,TP,99803.81205300,0.230,0,"2025-11-13 17:30:00","2026-09-29 13:31:58",,,,,,,
13,BTCUSDT,mixed,15m,,100314.97000000,100500.00000000,99840.00000000,100033.90000000,795.11744000,100033.89000000,100184.90000000,99608.98000000,99659.99000000,1178.66331000,99659.99000000,99922.00000000,99226.91000000,99376.42000000,1222.13136000,99376.43000000,TP,99147.86421100,0.230,0,"2025-11-13 18:00:00","2026-09-29 13:31:58",,,,,,,
14,BTCUSDT,mixed,15m,,99659.99000000,99922.00000000,99226.91000000,99376.42000000,1222.13136000,99376.43000000,99578.61000000,98750.00000000,99100.17000000,1238.12652000,99100.17000000,99126.41000000,98234.28000000,98671.68000000,1267.10238000,98671.68000000,TP,98444.73513600,0.230,0,"2025-11-13 18:30:00","2026-09-29 13:31:58",,,,,,,
15,BTCUSDT,mixed,15m,,92462.98000000,92725.62000000,92413.31000000,92700.40000000,601.93248000,92700.40000000,93068.10000000,92500.00000000,92549.01000000,689.14967000,92549.02000000,92653.97000000,92294.86000000,92311.36000000,543.06459000,92311.37000000,TP,92099.05384900,0.230,0,"2025-11-17 19:00:00","2026-09-29 13:31:58",,,,,,,
16,BTCUSDT,mixed,15m,,92549.02000000,92653.97000000,92294.86000000,92311.36000000,543.06459000,92311.37000000,92366.00000000,92103.26000000,92280.35000000,603.08610000,92280.36000000,92470.57000000,91738.01000000,91864.26000000,1572.94003000,91864.25000000,TP,91652.96222500,0.230,0,"2025-11-17 19:30:00","2026-09-29 13:31:58",,,,,,,
17,BTCUSDT,mixed,15m,,88711.11000000,88752.00000000,88528.92000000,88602.50000000,54.97700000,88602.50000000,88658.52000000,88498.17000000,88644.88000000,35.80474000,88644.88000000,88827.71000000,88356.90000000,88803.06000000,321.10925000,88803.07000000,TP,88598.82293900,0.230,0,"2025-12-14 20:00:00","2026-09-29 13:31:58",,,,,,,
18,BTCUSDT,mixed,15m,,88644.88000000,88827.71000000,88356.90000000,88803.06000000,321.10925000,88803.07000000,88822.88000000,88631.11000000,88658.53000000,99.32735000,88658.53000000,88723.32000000,88568.65000000,88658.56000000,47.65233000,88658.57000000,TP,88454.65528900,0.230,0,"2025-12-14 20:30:00","2026-09-29 13:31:58",,,,,,,
19,BTCUSDT,mixed,15m,,92311.77000000,92415.60000000,92213.26000000,92230.00000000,55.84810000,92230.01000000,92266.16000000,92000.01000000,92062.61000000,132.33828000,92062.62000000,92084.80000000,91357.28000000,91412.07000000,772.23427000,91412.06000000,TP,91201.81226200,0.230,3,"2026-01-20 05:00:00","2026-09-29 13:31:58",,,,,,,
20,BTCUSDT,mixed,15m,,90881.45000000,91110.44000000,90777.00000000,91024.79000000,214.99332000,91024.80000000,91066.15000000,90926.85000000,90958.88000000,141.96683000,90958.89000000,91142.14000000,90958.88000000,91096.48000000,152.19005000,91096.48000000,TP,90886.95809600,0.230,0,"2026-01-20 14:00:00","2026-09-29 13:31:58",,,,,,,
21,BTCUSDT,mixed,15m,,90958.89000000,91142.14000000,90958.88000000,91096.48000000,152.19005000,91096.48000000,91096.48000000,90727.93000000,90990.11000000,218.67416000,90990.10000000,91371.11000000,90676.61000000,91066.14000000,435.53815000,91066.15000000,TP,90856.69785500,0.230,0,"2026-01-20 14:30:00","2026-09-29 13:31:58",,,,,,,
22,BTCUSDT,mixed,15m,,88742.63000000,88742.64000000,88661.35000000,88682.81000000,42.08663000,88682.80000000,88682.81000000,88340.75000000,88446.50000000,154.93022000,88446.51000000,88448.85000000,87878.00000000,87904.72000000,663.46867000,87904.72000000,TP,87702.53914400,0.230,6,"2026-01-25 16:00:00","2026-09-29 13:31:58",,,,,,,
23,BTCUSDT,mixed,15m,,83670.65000000,83777.50000000,83670.64000000,83774.72000000,68.55228000,83774.71000000,83848.39000000,83688.10000000,83786.09000000,70.31890000,83786.09000000,83805.02000000,83693.67000000,83749.53000000,74.05923000,83749.53000000,TP,83556.90608100,0.230,0,"2026-01-31 07:00:00","2026-09-29 13:31:58",,,,,,,
24,BTCUSDT,mixed,15m,,83786.09000000,83805.02000000,83693.67000000,83749.53000000,74.05923000,83749.53000000,83779.98000000,83683.25000000,83700.16000000,48.90641000,83700.16000000,83720.01000000,83404.67000000,83482.07000000,289.77437000,83482.07000000,TP,83290.06123900,0.230,0,"2026-01-31 07:30:00","2026-09-29 13:31:58",,,,,,,
25,BTCUSDT,mixed,15m,,83700.16000000,83720.01000000,83404.67000000,83482.07000000,289.77437000,83482.07000000,83573.19000000,83482.06000000,83546.81000000,65.97889000,83546.82000000,83629.08000000,83182.75000000,83351.72000000,193.03093000,83351.72000000,TP,83160.01104400,0.230,0,"2026-01-31 08:00:00","2026-09-29 13:31:58",,,,,,,
26,BTCUSDT,mixed,15m,,83546.82000000,83629.08000000,83182.75000000,83351.72000000,193.03093000,83351.72000000,83357.75000000,83054.36000000,83097.99000000,206.88474000,83097.99000000,83110.52000000,82560.75000000,82789.98000000,481.06438000,82789.99000000,TP,82599.57302300,0.230,18,"2026-01-31 08:30:00","2026-09-29 13:31:58",,,,,,,
27,BTCUSDT,mixed,15m,,65806.54000000,65936.00000000,65709.62000000,65794.14000000,251.24037000,65794.14000000,65919.29000000,65579.53000000,65660.10000000,341.92533000,65660.10000000,65689.99000000,65178.83000000,65225.99000000,525.57343000,65226.00000000,TP,65075.98020000,0.230,2,"2026-02-23 16:00:00","2026-09-29 13:31:58",,,,,,,
28,BTCUSDT,mixed,15m,,67431.46000000,67485.95000000,67294.29000000,67412.21000000,127.85176000,67412.21000000,67418.00000000,67295.00000000,67324.72000000,73.72901000,67324.71000000,67431.81000000,66950.00000000,66974.10000000,204.10917000,66974.09000000,TP,66820.04959300,0.230,0,"2026-03-08 13:00:00","2026-09-29 13:31:58",,,,,,,
29,BTCUSDT,mixed,15m,,67324.71000000,67431.81000000,66950.00000000,66974.10000000,204.10917000,66974.09000000,67199.54000000,66813.92000000,67163.88000000,1027.36790000,67163.88000000,67163.88000000,66761.68000000,67054.56000000,522.97791000,67054.57000000,TP,66900.34448900,0.230,10,"2026-03-08 13:30:00","2026-09-29 13:31:58",,,,,,,
30,BTCUSDT,mixed,15m,,69181.63000000,69181.74000000,68926.19000000,68951.59000000,126.61333000,68951.60000000,69088.00000000,68892.93000000,68919.38000000,95.94708000,68919.37000000,68990.67000000,68720.06000000,68990.67000000,238.58408000,68990.66000000,TP,68831.98148200,0.230,0,"2026-03-22 08:00:00","2026-09-29 13:31:58",,,,,,,
31,BTCUSDT,mixed,15m,,68919.37000000,68990.67000000,68720.06000000,68990.67000000,238.58408000,68990.66000000,68990.67000000,68560.27000000,68624.01000000,451.78372000,68624.00000000,68787.84000000,68523.96000000,68738.56000000,296.15755000,68738.55000000,TP,68580.45133500,0.230,8,"2026-03-22 08:30:00","2026-09-29 13:31:58",,,,,,,
32,BTCUSDT,mixed,15m,,80570.80000000,80678.65000000,80560.92000000,80674.03000000,126.45228000,80674.02000000,80696.00000000,80494.98000000,80501.22000000,157.04969000,80501.22000000,80592.65000000,80454.74000000,80537.05000000,161.62160000,80537.05000000,TP,80351.81478500,0.230,0,"2026-05-13 12:00:00","2026-09-29 13:31:58",,,,,,,
33,BTCUSDT,mixed,15m,,80501.22000000,80592.65000000,80454.74000000,80537.05000000,161.62160000,80537.05000000,80557.71000000,80177.00000000,80349.31000000,254.84834000,80349.31000000,80359.35000000,79852.00000000,80163.53000000,606.28784000,80163.53000000,TP,79979.15388100,0.230,2,"2026-05-13 12:30:00","2026-09-29 13:31:58",,,,,,,
34,BTCUSDT,mixed,15m,,77280.92000000,77287.91000000,76763.16000000,76819.96000000,415.07296000,76819.97000000,77146.19000000,76695.31000000,76937.70000000,421.56976000,76937.70000000,76954.25000000,76675.69000000,76695.04000000,363.30504000,76695.04000000,TP,76518.64140800,0.230,0,"2026-05-18 14:00:00","2026-09-29 13:31:58",,,,,,,
35,BTCUSDT,mixed,15m,,76937.70000000,76954.25000000,76675.69000000,76695.04000000,363.30504000,76695.04000000,76822.55000000,76430.00000000,76641.66000000,689.84412000,76641.67000000,76719.18000000,76230.02000000,76484.62000000,646.81029000,76484.61000000,TP,76308.69539700,0.230,0,"2026-05-18 14:30:00","2026-09-29 13:31:58",,,,,,,
36,BTCUSDT,mixed,15m,,73351.70000000,73426.38000000,73328.32000000,73426.37000000,57.78933000,73426.37000000,73465.56000000,73340.00000000,73350.00000000,171.98470000,73349.99000000,73368.00000000,73242.02000000,73289.99000000,91.62201000,73289.98000000,TP,73121.41304600,0.230,0,"2026-06-01 06:00:00","2026-09-29 13:31:58",,,,,,,
37,BTCUSDT,mixed,15m,,73349.99000000,73368.00000000,73242.02000000,73289.99000000,91.62201000,73289.98000000,73326.00000000,73144.00000000,73192.82000000,153.82858000,73192.81000000,73234.00000000,73004.99000000,73009.81000000,276.02600000,73009.81000000,TP,72841.88743700,0.230,3,"2026-06-01 06:30:00","2026-09-29 13:31:58",,,,,,,
38,BTCUSDT,mixed,15m,,72672.01000000,72741.28000000,72610.17000000,72721.07000000,103.21413000,72721.07000000,72768.11000000,72290.00000000,72479.99000000,500.99045000,72480.00000000,72610.00000000,71902.98000000,72052.55000000,1125.91420000,72052.55000000,TP,71886.82913500,0.230,2,"2026-06-01 12:00:00","2026-09-29 13:31:58",,,,,,,
39,BTCUSDT,mixed,15m,,64505.40000000,64633.50000000,64252.51000000,64260.00000000,423.55838000,64260.00000000,64346.54000000,64092.49000000,64142.75000000,337.89099000,64142.75000000,64428.00000000,64127.50000000,64316.53000000,365.24403000,64316.53000000,TP,64168.60198100,0.230,0,"2026-06-04 00:00:00","2026-09-29 13:31:58",,,,,,,
40,BTCUSDT,mixed,15m,,64142.75000000,64428.00000000,64127.50000000,64316.53000000,365.24403000,64316.53000000,64387.44000000,63358.01000000,63358.01000000,1344.54590000,63358.01000000,63815.74000000,63070.00000000,63595.33000000,1179.70850000,63595.34000000,TP,63449.07071800,0.230,0,"2026-06-04 00:30:00","2026-09-29 13:31:58",,,,,,,
41,BTCUSDT,mixed,15m,,63358.01000000,63815.74000000,63070.00000000,63595.33000000,1179.70850000,63595.34000000,63601.41000000,63000.00000000,63344.97000000,623.29834000,63344.98000000,63500.00000000,63100.01000000,63124.00000000,667.28208000,63124.00000000,TP,62978.81480000,0.230,0,"2026-06-04 01:00:00","2026-09-29 13:31:58",,,,,,,
42,BTCUSDT,mixed,15m,,63344.98000000,63500.00000000,63100.01000000,63124.00000000,667.28208000,63124.00000000,63134.00000000,62569.00000000,62699.99000000,1821.29829000,62700.00000000,63161.43000000,62697.37000000,62825.00000000,584.80889000,62825.00000000,TP,62680.50250000,0.230,0,"2026-06-04 01:30:00","2026-09-29 13:31:58",,,,,,,
43,BTCUSDT,mixed,15m,,62864.00000000,63000.00000000,62703.33000000,62899.44000000,940.47354000,62899.44000000,63272.01000000,62895.15000000,63266.00000000,425.48771000,63266.01000000,63276.00000000,62820.01000000,62872.58000000,489.02224000,62872.58000000,TP,62727.97306600,0.230,0,"2026-06-04 10:00:00","2026-09-29 13:31:58",,,,,,,
44,BTCUSDT,mixed,15m,,63266.01000000,63276.00000000,62820.01000000,62872.58000000,489.02224000,62872.58000000,63006.00000000,62500.00000000,62501.51000000,461.65194000,62501.51000000,62792.00000000,62415.94000000,62723.46000000,590.53061000,62723.47000000,TP,62579.20601900,0.230,0,"2026-06-04 10:30:00","2026-09-29 13:31:58",,,,,,,
45,BTCUSDT,mixed,15m,,62285.39000000,62302.00000000,62090.01000000,62095.79000000,287.41538000,62095.80000000,62161.24000000,61953.58000000,61957.73000000,124.98766000,61957.74000000,62000.00000000,61848.00000000,61925.21000000,182.91260000,61925.20000000,TP,61782.77204000,0.230,1,"2026-07-08 13:00:00","2026-09-29 13:31:58",,,,,,,
46,BTCUSDT,mixed,15m,,61925.20000000,61936.00000000,61754.00000000,61824.61000000,192.46141000,61824.62000000,62090.00000000,61824.62000000,61962.00000000,314.42720000,61962.00000000,61962.00000000,61632.23000000,61945.49000000,441.19119000,61945.49000000,TP,61803.01537300,0.230,2,"2026-07-08 13:45:00","2026-09-29 13:31:58",,,,,,,
48,BTCUSDT,mixed,15m,,62747.09000000,62783.93000000,62576.47000000,62614.01000000,145.16492000,62614.01000000,62662.49000000,62570.00000000,62625.15000000,119.92821000,62625.15000000,62660.00000000,62518.00000000,62518.01000000,145.03218000,62518.00000000,TP,62374.20860000,0.230,0,"2026-07-13 13:00:00","2026-09-29 13:31:58",,,,,,,
49,BTCUSDT,mixed,15m,,62625.15000000,62660.00000000,62518.00000000,62518.01000000,145.03218000,62518.00000000,62589.88000000,62374.01000000,62531.02000000,365.98274000,62531.01000000,62766.37000000,62256.00000000,62332.01000000,803.51943000,62332.00000000,TP,62188.63640000,0.230,1,"2026-07-13 13:30:00","2026-09-29 13:31:58",,,,,,,
50,BTCUSDT,mixed,15m,,64965.43000000,65096.00000000,64960.67000000,65080.01000000,103.14280000,65080.00000000,65136.00000000,65074.00000000,65113.13000000,67.18962000,65113.13000000,65157.99000000,65000.00000000,65001.88000000,57.65379000,65001.89000000,TP,64852.38565300,0.230,9,"2026-07-24 10:00:00","2026-09-29 13:31:58",,,,,,,
51,BTCUSDT,mixed,15m,,64396.00000000,64413.46000000,64239.22000000,64338.64000000,250.56939000,64338.65000000,64357.41000000,64203.15000000,64299.99000000,294.42217000,64299.99000000,64354.00000000,64196.01000000,64218.01000000,296.00510000,64218.00000000,TP,64070.29860000,0.230,0,"2026-08-10 16:00:00","2026-09-29 13:31:58",,,,,,,
52,BTCUSDT,mixed,15m,,64299.99000000,64354.00000000,64196.01000000,64218.01000000,296.00510000,64218.00000000,64218.01000000,63988.00000000,64123.63000000,485.07389000,64123.62000000,64180.71000000,63949.99000000,63966.00000000,312.19083000,63966.00000000,TP,63818.87820000,0.230,6,"2026-08-10 16:30:00","2026-09-29 13:31:58",,,,,,,
